tahun,provinsi,kabupaten_kota,luas panen (ha),suhu min (oc),suhu rata-rata (oc),suhu maks (oc),kelembapan (%),curah hujan (mm),jumlah hari hujan (hari),kecepatan angin (m/s),tekanan udara (mb),radiasi_matahari_kwh_m2_hari,annual_soi_bom,annual_dmi,soi_bom_label
2026,Banten,Kabupaten Lebak,,,,,,,,,,,,,
2026,Banten,Kabupaten Pandeglang,,,,,,,,,,,,,
2026,Banten,Kabupaten Serang,,,,,,,,,,,,,
2026,Banten,Kabupaten Tangerang,,,,,,,,,,,,,
2026,Banten,Kota Cilegon,,,,,,,,,,,,,
2026,Banten,Kota Serang,,,,,,,,,,,,,
2026,Banten,Kota Tangerang,,,,,,,,,,,,,
2026,Banten,Kota Tangerang Selatan,,,,,,,,,,,,,
2026,DI Yogyakarta,Kabupaten Bantul,,,,,,,,,,,,,
2026,DI Yogyakarta,Kabupaten Gunungkidul,,,,,,,,,,,,,
2026,DI Yogyakarta,Kabupaten Kulon Progo,,,,,,,,,,,,,
2026,DI Yogyakarta,Kabupaten Sleman,,,,,,,,,,,,,
2026,DI Yogyakarta,Kota Yogyakarta,,,,,,,,,,,,,
2026,DKI Jakarta,Kabupaten Administrasi Kepulauan Seribu,,,,,,,,,,,,,
2026,DKI Jakarta,Kota Administrasi Jakarta Barat,,,,,,,,,,,,,
2026,DKI Jakarta,Kota Administrasi Jakarta Pusat,,,,,,,,,,,,,
2026,DKI Jakarta,Kota Administrasi Jakarta Selatan,,,,,,,,,,,,,
2026,DKI Jakarta,Kota Administrasi Jakarta Timur,,,,,,,,,,,,,
2026,DKI Jakarta,Kota Administrasi Jakarta Utara,,,,,,,,,,,,,
2026,Jawa Barat,Kabupaten Bandung,,,,,,,,,,,,,
2026,Jawa Barat,Kabupaten Bandung Barat,,,,,,,,,,,,,
2026,Jawa Barat,Kabupaten Bekasi,,,,,,,,,,,,,
2026,Jawa Barat,Kabupaten Bogor,,,,,,,,,,,,,
2026,Jawa Barat,Kabupaten Ciamis,,,,,,,,,,,,,
2026,Jawa Barat,Kabupaten Cianjur,,,,,,,,,,,,,
2026,Jawa Barat,Kabupaten Cirebon,,,,,,,,,,,,,
2026,Jawa Barat,Kabupaten Garut,,,,,,,,,,,,,
2026,Jawa Barat,Kabupaten Indramayu,,,,,,,,,,,,,
2026,Jawa Barat,Kabupaten Karawang,,,,,,,,,,,,,
2026,Jawa Barat,Kabupaten Kuningan,,,,,,,,,,,,,
2026,Jawa Barat,Kabupaten Majalengka,,,,,,,,,,,,,
2026,Jawa Barat,Kabupaten Pangandaran,,,,,,,,,,,,,
2026,Jawa Barat,Kabupaten Purwakarta,,,,,,,,,,,,,
2026,Jawa Barat,Kabupaten Subang,,,,,,,,,,,,,
2026,Jawa Barat,Kabupaten Sukabumi,,,,,,,,,,,,,
2026,Jawa Barat,Kabupaten Sumedang,,,,,,,,,,,,,
2026,Jawa Barat,Kabupaten Tasikmalaya,,,,,,,,,,,,,
2026,Jawa Barat,Kota Bandung,,,,,,,,,,,,,
2026,Jawa Barat,Kota Banjar,,,,,,,,,,,,,
2026,Jawa Barat,Kota Bekasi,,,,,,,,,,,,,
2026,Jawa Barat,Kota Bogor,,,,,,,,,,,,,
2026,Jawa Barat,Kota Cimahi,,,,,,,,,,,,,
2026,Jawa Barat,Kota Cirebon,,,,,,,,,,,,,
2026,Jawa Barat,Kota Depok,,,,,,,,,,,,,
2026,Jawa Barat,Kota Sukabumi,,,,,,,,,,,,,
2026,Jawa Barat,Kota Tasikmalaya,,,,,,,,,,,,,
2026,Jawa Tengah,Kabupaten Banjarnegara,,,,,,,,,,,,,
2026,Jawa Tengah,Kabupaten Banyumas,,,,,,,,,,,,,
2026,Jawa Tengah,Kabupaten Batang,,,,,,,,,,,,,
2026,Jawa Tengah,Kabupaten Blora,,,,,,,,,,,,,
2026,Jawa Tengah,Kabupaten Boyolali,,,,,,,,,,,,,
2026,Jawa Tengah,Kabupaten Brebes,,,,,,,,,,,,,
2026,Jawa Tengah,Kabupaten Cilacap,,,,,,,,,,,,,
2026,Jawa Tengah,Kabupaten Demak,,,,,,,,,,,,,
2026,Jawa Tengah,Kabupaten Grobogan,,,,,,,,,,,,,
2026,Jawa Tengah,Kabupaten Jepara,,,,,,,,,,,,,
2026,Jawa Tengah,Kabupaten Karanganyar,,,,,,,,,,,,,
2026,Jawa Tengah,Kabupaten Kebumen,,,,,,,,,,,,,
2026,Jawa Tengah,Kabupaten Kendal,,,,,,,,,,,,,
2026,Jawa Tengah,Kabupaten Klaten,,,,,,,,,,,,,
2026,Jawa Tengah,Kabupaten Kudus,,,,,,,,,,,,,
2026,Jawa Tengah,Kabupaten Magelang,,,,,,,,,,,,,
2026,Jawa Tengah,Kabupaten Pati,,,,,,,,,,,,,
2026,Jawa Tengah,Kabupaten Pekalongan,,,,,,,,,,,,,
2026,Jawa Tengah,Kabupaten Pemalang,,,,,,,,,,,,,
2026,Jawa Tengah,Kabupaten Purbalingga,,,,,,,,,,,,,
2026,Jawa Tengah,Kabupaten Purworejo,,,,,,,,,,,,,
2026,Jawa Tengah,Kabupaten Rembang,,,,,,,,,,,,,
2026,Jawa Tengah,Kabupaten Semarang,,,,,,,,,,,,,
2026,Jawa Tengah,Kabupaten Sragen,,,,,,,,,,,,,
2026,Jawa Tengah,Kabupaten Sukoharjo,,,,,,,,,,,,,
2026,Jawa Tengah,Kabupaten Tegal,,,,,,,,,,,,,
2026,Jawa Tengah,Kabupaten Temanggung,,,,,,,,,,,,,
2026,Jawa Tengah,Kabupaten Wonogiri,,,,,,,,,,,,,
2026,Jawa Tengah,Kabupaten Wonosobo,,,,,,,,,,,,,
2026,Jawa Tengah,Kota Magelang,,,,,,,,,,,,,
2026,Jawa Tengah,Kota Pekalongan,,,,,,,,,,,,,
2026,Jawa Tengah,Kota Salatiga,,,,,,,,,,,,,
2026,Jawa Tengah,Kota Semarang,,,,,,,,,,,,,
2026,Jawa Tengah,Kota Surakarta,,,,,,,,,,,,,
2026,Jawa Tengah,Kota Tegal,,,,,,,,,,,,,
2026,Jawa Timur,Kabupaten Bangkalan,,,,,,,,,,,,,
2026,Jawa Timur,Kabupaten Banyuwangi,,,,,,,,,,,,,
2026,Jawa Timur,Kabupaten Blitar,,,,,,,,,,,,,
2026,Jawa Timur,Kabupaten Bojonegoro,,,,,,,,,,,,,
2026,Jawa Timur,Kabupaten Bondowoso,,,,,,,,,,,,,
2026,Jawa Timur,Kabupaten Gresik,,,,,,,,,,,,,
2026,Jawa Timur,Kabupaten Jember,,,,,,,,,,,,,
2026,Jawa Timur,Kabupaten Jombang,,,,,,,,,,,,,
2026,Jawa Timur,Kabupaten Kediri,,,,,,,,,,,,,
2026,Jawa Timur,Kabupaten Lamongan,,,,,,,,,,,,,
2026,Jawa Timur,Kabupaten Lumajang,,,,,,,,,,,,,
2026,Jawa Timur,Kabupaten Madiun,,,,,,,,,,,,,
2026,Jawa Timur,Kabupaten Magetan,,,,,,,,,,,,,
2026,Jawa Timur,Kabupaten Malang,,,,,,,,,,,,,
2026,Jawa Timur,Kabupaten Mojokerto,,,,,,,,,,,,,
2026,Jawa Timur,Kabupaten Nganjuk,,,,,,,,,,,,,
2026,Jawa Timur,Kabupaten Ngawi,,,,,,,,,,,,,
2026,Jawa Timur,Kabupaten Pacitan,,,,,,,,,,,,,
2026,Jawa Timur,Kabupaten Pamekasan,,,,,,,,,,,,,
2026,Jawa Timur,Kabupaten Pasuruan,,,,,,,,,,,,,
2026,Jawa Timur,Kabupaten Ponorogo,,,,,,,,,,,,,
2026,Jawa Timur,Kabupaten Probolinggo,,,,,,,,,,,,,
2026,Jawa Timur,Kabupaten Sampang,,,,,,,,,,,,,
2026,Jawa Timur,Kabupaten Sidoarjo,,,,,,,,,,,,,
2026,Jawa Timur,Kabupaten Situbondo,,,,,,,,,,,,,
2026,Jawa Timur,Kabupaten Sumenep,,,,,,,,,,,,,
2026,Jawa Timur,Kabupaten Trenggalek,,,,,,,,,,,,,
2026,Jawa Timur,Kabupaten Tuban,,,,,,,,,,,,,
2026,Jawa Timur,Kabupaten Tulungagung,,,,,,,,,,,,,
2026,Jawa Timur,Kota Batu,,,,,,,,,,,,,
2026,Jawa Timur,Kota Blitar,,,,,,,,,,,,,
2026,Jawa Timur,Kota Kediri,,,,,,,,,,,,,
2026,Jawa Timur,Kota Madiun,,,,,,,,,,,,,
2026,Jawa Timur,Kota Malang,,,,,,,,,,,,,
2026,Jawa Timur,Kota Mojokerto,,,,,,,,,,,,,
2026,Jawa Timur,Kota Pasuruan,,,,,,,,,,,,,
2026,Jawa Timur,Kota Probolinggo,,,,,,,,,,,,,
2026,Jawa Timur,Kota Surabaya,,,,,,,,,,,,,
