province,city
Banten,Kabupaten Lebak
Banten,Kabupaten Pandeglang
Banten,Kabupaten Serang
Banten,Kabupaten Tangerang
Banten,Kota Cilegon
Banten,Kota Serang
Banten,Kota Tangerang
Banten,Kota Tangerang Selatan
DI Yogyakarta,Kabupaten Bantul
DI Yogyakarta,Kabupaten Gunungkidul
DI Yogyakarta,Kabupaten Kulon Progo
DI Yogyakarta,Kabupaten Sleman
DI Yogyakarta,Kota Yogyakarta
DKI Jakarta,Kabupaten Administrasi Kepulauan Seribu
DKI Jakarta,Kota Administrasi Jakarta Barat
DKI Jakarta,Kota Administrasi Jakarta Pusat
DKI Jakarta,Kota Administrasi Jakarta Selatan
DKI Jakarta,Kota Administrasi Jakarta Timur
DKI Jakarta,Kota Administrasi Jakarta Utara
Jawa Barat,Kabupaten Bandung
Jawa Barat,Kabupaten Bandung Barat
Jawa Barat,Kabupaten Bekasi
Jawa Barat,Kabupaten Bogor
Jawa Barat,Kabupaten Ciamis
Jawa Barat,Kabupaten Cianjur
Jawa Barat,Kabupaten Cirebon
Jawa Barat,Kabupaten Garut
Jawa Barat,Kabupaten Indramayu
Jawa Barat,Kabupaten Karawang
Jawa Barat,Kabupaten Kuningan
Jawa Barat,Kabupaten Majalengka
Jawa Barat,Kabupaten Pangandaran
Jawa Barat,Kabupaten Purwakarta
Jawa Barat,Kabupaten Subang
Jawa Barat,Kabupaten Sukabumi
Jawa Barat,Kabupaten Sumedang
Jawa Barat,Kabupaten Tasikmalaya
Jawa Barat,Kota Bandung
Jawa Barat,Kota Banjar
Jawa Barat,Kota Bekasi
Jawa Barat,Kota Bogor
Jawa Barat,Kota Cimahi
Jawa Barat,Kota Cirebon
Jawa Barat,Kota Depok
Jawa Barat,Kota Sukabumi
Jawa Barat,Kota Tasikmalaya
Jawa Tengah,Kabupaten Banjarnegara
Jawa Tengah,Kabupaten Banyumas
Jawa Tengah,Kabupaten Batang
Jawa Tengah,Kabupaten Blora
Jawa Tengah,Kabupaten Boyolali
Jawa Tengah,Kabupaten Brebes
Jawa Tengah,Kabupaten Cilacap
Jawa Tengah,Kabupaten Demak
Jawa Tengah,Kabupaten Grobogan
Jawa Tengah,Kabupaten Jepara
Jawa Tengah,Kabupaten Karanganyar
Jawa Tengah,Kabupaten Kebumen
Jawa Tengah,Kabupaten Kendal
Jawa Tengah,Kabupaten Klaten
Jawa Tengah,Kabupaten Kudus
Jawa Tengah,Kabupaten Magelang
Jawa Tengah,Kabupaten Pati
Jawa Tengah,Kabupaten Pekalongan
Jawa Tengah,Kabupaten Pemalang
Jawa Tengah,Kabupaten Purbalingga
Jawa Tengah,Kabupaten Purworejo
Jawa Tengah,Kabupaten Rembang
Jawa Tengah,Kabupaten Semarang
Jawa Tengah,Kabupaten Sragen
Jawa Tengah,Kabupaten Sukoharjo
Jawa Tengah,Kabupaten Tegal
Jawa Tengah,Kabupaten Temanggung
Jawa Tengah,Kabupaten Wonogiri
Jawa Tengah,Kabupaten Wonosobo
Jawa Tengah,Kota Magelang
Jawa Tengah,Kota Pekalongan
Jawa Tengah,Kota Salatiga
Jawa Tengah,Kota Semarang
Jawa Tengah,Kota Surakarta
Jawa Tengah,Kota Tegal
Jawa Timur,Kabupaten Bangkalan
Jawa Timur,Kabupaten Banyuwangi
Jawa Timur,Kabupaten Blitar
Jawa Timur,Kabupaten Bojonegoro
Jawa Timur,Kabupaten Bondowoso
Jawa Timur,Kabupaten Gresik
Jawa Timur,Kabupaten Jember
Jawa Timur,Kabupaten Jombang
Jawa Timur,Kabupaten Kediri
Jawa Timur,Kabupaten Lamongan
Jawa Timur,Kabupaten Lumajang
Jawa Timur,Kabupaten Madiun
Jawa Timur,Kabupaten Magetan
Jawa Timur,Kabupaten Malang
Jawa Timur,Kabupaten Mojokerto
Jawa Timur,Kabupaten Nganjuk
Jawa Timur,Kabupaten Ngawi
Jawa Timur,Kabupaten Pacitan
Jawa Timur,Kabupaten Pamekasan
Jawa Timur,Kabupaten Pasuruan
Jawa Timur,Kabupaten Ponorogo
Jawa Timur,Kabupaten Probolinggo
Jawa Timur,Kabupaten Sampang
Jawa Timur,Kabupaten Sidoarjo
Jawa Timur,Kabupaten Situbondo
Jawa Timur,Kabupaten Sumenep
Jawa Timur,Kabupaten Trenggalek
Jawa Timur,Kabupaten Tuban
Jawa Timur,Kabupaten Tulungagung
Jawa Timur,Kota Batu
Jawa Timur,Kota Blitar
Jawa Timur,Kota Kediri
Jawa Timur,Kota Madiun
Jawa Timur,Kota Malang
Jawa Timur,Kota Mojokerto
Jawa Timur,Kota Pasuruan
Jawa Timur,Kota Probolinggo
Jawa Timur,Kota Surabaya
